{
  "FIFO": {
    "weighted_completion_time": 3071180.1426813602,
    "average_completion_time": 1260.1459892958746,
    "deadline_miss_count": 57.0,
    "deadline_miss_rate": 0.057,
    "weighted_tardiness": 523.9704409672795,
    "makespan": 2503.4,
    "gpu_time_utilization": 0.855855846385568,
    "gpu_average_concurrent_tasks": 0.855855846385568,
    "gpu_peak_memory_utilization": 0.6,
    "gpu_average_memory_utilization": 0.32118150258433426
  },
  "Greedy": {
    "weighted_completion_time": 3071718.1945945923,
    "average_completion_time": 1260.371210106687,
    "deadline_miss_count": 52.0,
    "deadline_miss_rate": 0.052,
    "weighted_tardiness": 502.9900284495056,
    "makespan": 2498.079473684211,
    "gpu_time_utilization": 0.8035542357593127,
    "gpu_average_concurrent_tasks": 0.8035542357593127,
    "gpu_peak_memory_utilization": 0.6,
    "gpu_average_memory_utilization": 0.2703609138328013
  },
  "SAGreedy": {
    "weighted_completion_time": 3071968.095583212,
    "average_completion_time": 1260.4928636202003,
    "deadline_miss_count": 48.0,
    "deadline_miss_rate": 0.048,
    "weighted_tardiness": 329.3748933143717,
    "makespan": 2498.079473684211,
    "gpu_time_utilization": 0.8061314170944495,
    "gpu_average_concurrent_tasks": 0.8061314170944495,
    "gpu_peak_memory_utilization": 0.6,
    "gpu_average_memory_utilization": 0.2723664196328273
  }
}