{
  "FIFO": {
    "weighted_completion_time": 3174926.18713371,
    "average_completion_time": 1244.9644221266005,
    "deadline_miss_count": 111.0,
    "deadline_miss_rate": 0.111,
    "weighted_tardiness": 1447.4078022758772,
    "makespan": 2494.847027027027,
    "gpu_time_utilization": 0.8449856819909568,
    "gpu_average_concurrent_tasks": 0.8449856819909568,
    "gpu_peak_memory_utilization": 0.6,
    "gpu_average_memory_utilization": 0.3135007712901068
  },
  "SPT": {
    "weighted_completion_time": 3174926.18713371,
    "average_completion_time": 1244.9644221266005,
    "deadline_miss_count": 111.0,
    "deadline_miss_rate": 0.111,
    "weighted_tardiness": 1447.4078022758772,
    "makespan": 2949.255,
    "gpu_time_utilization": 0.7136121997020407,
    "gpu_average_concurrent_tasks": 0.7136121997020407,
    "gpu_peak_memory_utilization": 0.6,
    "gpu_average_memory_utilization": 0.26977408372472317
  },
  "EDF": {
    "weighted_completion_time": 3174926.18713371,
    "average_completion_time": 1244.9644221266008,
    "deadline_miss_count": 111.0,
    "deadline_miss_rate": 0.111,
    "weighted_tardiness": 1447.4078022758772,
    "makespan": 2497.620526315789,
    "gpu_time_utilization": 0.8415262474315309,
    "gpu_average_concurrent_tasks": 0.8415262474315309,
    "gpu_peak_memory_utilization": 0.6,
    "gpu_average_memory_utilization": 0.311689880113913
  },
  "MultiObjective": {
    "weighted_completion_time": 3174926.18713371,
    "average_completion_time": 1244.9644221266005,
    "deadline_miss_count": 111.0,
    "deadline_miss_rate": 0.111,
    "weighted_tardiness": 1447.4078022758772,
    "makespan": 2502.3136842105246,
    "gpu_time_utilization": 0.7746186110972095,
    "gpu_average_concurrent_tasks": 0.7746186110972095,
    "gpu_peak_memory_utilization": 0.6,
    "gpu_average_memory_utilization": 0.247725062680856
  }
}