,weighted_completion_time,average_completion_time,deadline_miss_count,deadline_miss_rate,weighted_tardiness,makespan,gpu_time_utilization,gpu_average_concurrent_tasks,gpu_peak_memory_utilization,gpu_average_memory_utilization
FIFO,3081640.291834993,1264.3374708463728,127.0,0.127,1461.684295874853,2503.4,0.855855846385568,0.855855846385568,0.6,0.32118150258433426
SPT,3081640.291834993,1264.3374708463728,127.0,0.127,1461.684295874853,2988.8705405405403,0.7147275416944016,0.7147275416944016,0.6,0.274968803336385
EDF,3081640.2918349933,1264.337470846373,127.0,0.127,1461.684295874853,2502.3243243243246,0.8497827529530629,0.8497827529530629,0.6,0.32483338293949693
MultiObjective,3081640.291834993,1264.3374708463728,127.0,0.127,1461.684295874853,2506.267894736843,0.791420080771263,0.791420080771263,0.6,0.256424748274091
