{
  "FIFO": {
    "weighted_completion_time": 3482740.129468943,
    "average_completion_time": 1428.9953174348032,
    "deadline_miss_count": 952.0,
    "deadline_miss_rate": 0.952,
    "weighted_tardiness": 361917.48132764356,
    "makespan": 2849.763333333335,
    "gpu_time_utilization": 0.9963685099084151,
    "gpu_average_concurrent_tasks": 0.9963685099084151,
    "gpu_peak_memory_utilization": 0.6,
    "gpu_average_memory_utilization": 0.3752116042970483
  },
  "Greedy": {
    "weighted_completion_time": 3483142.5247083944,
    "average_completion_time": 1429.2192381839752,
    "deadline_miss_count": 951.0,
    "deadline_miss_rate": 0.951,
    "weighted_tardiness": 362189.7704125177,
    "makespan": 2843.026666666664,
    "gpu_time_utilization": 0.9972443190328365,
    "gpu_average_concurrent_tasks": 0.9972443190328365,
    "gpu_peak_memory_utilization": 0.6,
    "gpu_average_memory_utilization": 0.3644379995368712
  },
  "SAGreedy": {
    "weighted_completion_time": 3445234.0521621653,
    "average_completion_time": 1417.2491777240402,
    "deadline_miss_count": 671.0,
    "deadline_miss_rate": 0.671,
    "weighted_tardiness": 337735.38556187734,
    "makespan": 2927.3571929824575,
    "gpu_time_utilization": 0.970339159704143,
    "gpu_average_concurrent_tasks": 0.970339159704143,
    "gpu_peak_memory_utilization": 0.6,
    "gpu_average_memory_utilization": 0.3628091566375338
  }
}