Algorithm,weighted_waiting_time,average_waiting_time,total_tasks,completed_tasks,completion_rate,prefill_completion_time,decode_completion_time,gpu_utilization,throughput,batch_efficiency,makespan
FIFO,266.56869444444453,0.8019541666666669,60,60,1.0,0.8019541666666669,0.0,0.0,0.5910835053222144,0.0,101.5085
WeightedFIFO,266.56869444444453,0.8019541666666669,60,60,1.0,0.8019541666666669,0.0,0.0,0.5910835053222144,0.0,101.5085
