Algorithm,weighted_waiting_time,average_waiting_time,total_tasks,completed_tasks,completion_rate,prefill_completion_time,decode_completion_time,gpu_utilization,throughput,batch_efficiency,makespan
FIFO,83.88888888888889,0.4444444444444445,20,20,1.0,0.4444444444444445,0.0,0.0,28.8,0.0,0.6944444444444444
WeightedFIFO,83.88888888888889,0.4444444444444445,20,20,1.0,0.4444444444444445,0.0,0.0,28.8,0.0,0.6944444444444444
SRPT,83.88888888888889,0.4444444444444445,20,20,1.0,0.4444444444444445,0.0,0.0,28.8,0.0,0.6944444444444444
