Algorithm,weighted_waiting_time,average_waiting_time,total_tasks,completed_tasks,completion_rate,prefill_completion_time,decode_completion_time,gpu_utilization,throughput,batch_efficiency,makespan
FIFO,209.7892648147812,3.105404398147645,8,8,1.0,0.3133506944444445,2.7920537037032007,0.0,0.17544511583337344,0.0,45.598305555555555
WeightedFIFO,209.7892648147812,3.105404398147645,8,8,1.0,0.3133506944444445,2.7920537037032007,0.0,0.17544511583337344,0.0,45.598305555555555
