Algorithm,weighted_waiting_time,average_waiting_time,total_tasks,completed_tasks,completion_rate,prefill_completion_time,decode_completion_time,gpu_utilization,throughput,batch_efficiency,makespan
FIFO,12.083333333333337,0.13888888888888887,15,15,1.0,0.13888888888888887,0.0,0.0,108.0,0.0,0.1388888888888889
WeightedFIFO,12.083333333333337,0.13888888888888887,15,15,1.0,0.13888888888888887,0.0,0.0,108.0,0.0,0.1388888888888889
